DD1.jpg,B
DD10.jpg,B
DD100.jpg,B
DD101.jpg,B
DD102.jpg,B
DD103.jpg,B
DD104.jpg,B
DD105.jpg,B
DD106.jpg,B
DD107.jpg,B
DD108.jpg,B
DD109.jpg,B
DD11.jpg,B
DD110.jpg,B
DD111.jpg,B
DD112.jpg,B
DD113.jpg,B
DD114.jpg,B
DD115.jpg,B
DD116.jpg,B
DD117.jpg,B
DD118.jpg,B
DD119.jpg,B
DD12.jpg,B
DD120.jpg,B
DD121.jpg,B
DD122.jpg,B
DD123.jpg,B
DD124.jpg,B
DD125.jpg,B
DD126.jpg,B
DD127.jpg,B
DD128.jpg,B
DD129.jpg,B
DD13.jpg,B
DD130.jpg,B
DD131.jpg,B
DD132.jpg,B
DD133.jpg,B
DD134.jpg,B
DD135.jpg,B
DD136.jpg,B
DD137.jpg,B
DD138.jpg,B
DD139.jpg,B
DD14.jpg,B
DD140.jpg,B
DD141.jpg,B
DD142.jpg,B
DD143.jpg,B
DD144.jpg,B
DD145.jpg,B
DD146.jpg,B
DD147.jpg,B
DD148.jpg,B
DD149.jpg,B
DD15.jpg,B
DD150.jpg,B
DD151.jpg,B
DD152.jpg,B
DD153.jpg,B
DD154.jpg,B
DD155.jpg,B
DD156.jpg,B
DD157.jpg,B
DD158.jpg,B
DD159.jpg,B
DD16.jpg,B
DD160.jpg,B
DD161.jpg,B
DD162.jpg,B
DD163.jpg,B
DD164.jpg,B
DD165.jpg,B
DD166.jpg,B
DD167.jpg,B
DD168.jpg,B
DD169.jpg,B
DD17.jpg,B
DD170.jpg,B
DD171.jpg,B
DD172.jpg,B
DD173.jpg,B
DD174.jpg,B
DD175.jpg,B
DD176.jpg,B
DD177.jpg,B
DD178.jpg,B
DD179.jpg,B
DD18.jpg,B
DD180.jpg,B
DD181.jpg,B
DD182.jpg,B
DD183.jpg,B
DD184.jpg,B
DD185.jpg,B
DD186.jpg,B
DD187.jpg,B
DD188.jpg,B
DD189.jpg,B
DD19.jpg,B
DD190.jpg,B
DD191.jpg,B
DD192.jpg,B
DD193.jpg,B
DD194.jpg,B
DD195.jpg,B
DD196.jpg,B
DD197.jpg,B
DD198.jpg,B
DD199.jpg,B
DD2.jpg,B
DD20.jpg,B
DD200.jpg,B
DD201.jpg,B
DD202.jpg,B
DD203.jpg,B
DD204.jpg,B
DD205.jpg,B
DD206.jpg,B
DD207.jpg,B
DD208.jpg,B
DD209.jpg,B
DD21.jpg,B
DD210.jpg,B
DD211.jpg,B
DD212.jpg,B
DD213.jpg,B
DD214.jpg,B
DD215.jpg,B
DD216.jpg,B
DD217.jpg,B
DD218.jpg,B
DD219.jpg,B
DD22.jpg,B
DD220.jpg,B
DD221.jpg,B
DD222.jpg,B
DD223.jpg,B
DD224.jpg,B
DD225.jpg,B
DD226.jpg,B
DD227.jpg,B
DD228.jpg,B
DD229.jpg,B
DD23.jpg,B
DD230.jpg,B
DD231.jpg,B
DD232.jpg,B
DD233.jpg,B
DD234.jpg,B
DD235.jpg,B
DD236.jpg,B
DD237.jpg,B
DD238.jpg,B
DD239.jpg,B
DD24.jpg,B
DD240.jpg,B
DD241.jpg,B
DD242.jpg,B
DD243.jpg,B
DD244.jpg,B
DD245.jpg,B
DD246.jpg,B
DD247.jpg,B
DD248.jpg,B
DD249.jpg,B
DD25.jpg,B
DD250.jpg,B
DD251.jpg,B
DD252.jpg,B
DD253.jpg,B
DD254.jpg,B
DD255.jpg,B
DD256.jpg,B
DD257.jpg,B
DD258.jpg,B
DD259.jpg,B
DD26.jpg,B
DD260.jpg,B
DD261.jpg,B
DD262.jpg,B
DD263.jpg,B
DD264.jpg,B
DD265.jpg,B
DD266.jpg,B
DD267.jpg,B
DD268.jpg,B
DD269.jpg,B
DD27.jpg,B
DD270.jpg,B
DD271.jpg,B
DD272.jpg,B
DD273.jpg,B
DD274.jpg,B
DD275.jpg,B
DD276.jpg,B
DD277.jpg,B
DD278.jpg,B
DD279.jpg,B
DD28.jpg,B
DD280.jpg,B
DD281.jpg,B
DD282.jpg,B
DD283.jpg,B
DD284.jpg,B
DD285.jpg,B
DD286.jpg,B
DD287.jpg,B
DD288.jpg,B
DD289.jpg,B
DD29.jpg,B
DD290.jpg,B
DD291.jpg,B
DD292.jpg,B
DD293.jpg,B
DD294.jpg,B
DD295.jpg,B
DD296.jpg,B
DD297.jpg,B
DD298.jpg,B
DD299.jpg,B
DD3.jpg,B
DD30.jpg,B
DD300.jpg,B
DD301.jpg,B
DD302.jpg,B
DD303.jpg,B
DD304.jpg,B
DD305.jpg,B
DD306.jpg,B
DD307.jpg,B
DD308.jpg,B
DD309.jpg,B
DD31.jpg,B
DD310.jpg,B
DD311.jpg,B
DD312.jpg,B
DD313.jpg,B
DD314.jpg,B
DD315.jpg,B
DD316.jpg,B
DD317.jpg,B
DD318.jpg,B
DD319.jpg,B
DD32.jpg,B
DD320.jpg,B
DD321.jpg,B
DD322.jpg,B
DD323.jpg,B
DD324.jpg,B
DD325.jpg,B
DD326.jpg,B
DD327.jpg,B
DD328.jpg,B
DD329.jpg,B
DD33.jpg,B
DD330.jpg,B
DD331.jpg,B
DD332.jpg,B
DD333.jpg,B
DD334.jpg,B
DD335.jpg,B
DD336.jpg,B
DD337.jpg,B
DD338.jpg,B
DD339.jpg,B
DD34.jpg,B
DD340.jpg,B
DD341.jpg,B
DD342.jpg,B
DD343.jpg,B
DD344.jpg,B
DD345.jpg,B
DD346.jpg,B
DD347.jpg,B
DD348.jpg,B
DD349.jpg,B
DD35.jpg,B
DD350.jpg,B
DD351.jpg,B
DD352.jpg,B
DD353.jpg,B
DD354.jpg,B
DD355.jpg,B
DD356.jpg,B
DD357.jpg,B
DD358.jpg,B
DD359.jpg,B
DD36.jpg,B
DD360.jpg,B
DD361.jpg,B
DD362.jpg,B
DD363.jpg,B
DD364.jpg,B
DD365.jpg,B
DD366.jpg,B
DD367.jpg,B
DD368.jpg,B
DD369.jpg,B
DD37.jpg,B
DD370.jpg,B
DD371.jpg,B
DD372.jpg,B
DD373.jpg,B
DD374.jpg,B
DD375.jpg,B
DD376.jpg,B
DD377.jpg,B
DD378.jpg,B
DD379.jpg,B
DD38.jpg,B
DD380.jpg,B
DD381.jpg,B
DD382.jpg,B
DD383.jpg,B
DD384.jpg,B
DD385.jpg,B
DD386.jpg,B
DD387.jpg,B
DD388.jpg,B
DD389.jpg,B
DD39.jpg,B
DD390.jpg,B
DD391.jpg,B
DD392.jpg,B
DD393.jpg,B
DD394.jpg,B
DD395.jpg,B
DD396.jpg,B
DD397.jpg,B
DD398.jpg,B
DD399.jpg,B
DD4.jpg,B
DD40.jpg,B
DD400.jpg,B
DD401.jpg,B
DD402.jpg,B
DD403.jpg,B
DD404.jpg,B
DD405.jpg,B
DD406.jpg,B
DD407.jpg,B
DD408.jpg,B
DD409.jpg,B
DD41.jpg,B
DD410.jpg,B
DD411.jpg,B
DD412.jpg,B
DD413.jpg,B
DD414.jpg,B
DD415.jpg,B
DD416.jpg,B
DD417.jpg,B
DD418.jpg,B
DD419.jpg,B
DD42.jpg,B
DD420.jpg,B
DD421.jpg,B
DD422.jpg,B
DD423.jpg,B
DD424.jpg,B
DD425.jpg,B
DD426.jpg,B
DD427.jpg,B
DD428.jpg,B
DD429.jpg,B
DD43.jpg,B
DD430.jpg,B
DD431.jpg,B
DD432.jpg,B
DD433.jpg,B
DD434.jpg,B
DD435.jpg,B
DD436.jpg,B
DD437.jpg,B
DD438.jpg,B
DD439.jpg,B
DD44.jpg,B
DD440.jpg,B
DD441.jpg,B
DD442.jpg,B
DD443.jpg,B
DD444.jpg,B
DD445.jpg,B
DD446.jpg,B
DD447.jpg,B
DD448.jpg,B
DD449.jpg,B
DD45.jpg,B
DD450.jpg,B
DD451.jpg,B
DD452.jpg,B
DD453.jpg,B
DD454.jpg,B
DD455.jpg,B
DD456.jpg,B
DD457.jpg,B
DD458.jpg,B
DD459.jpg,B
DD46.jpg,B
DD460.jpg,B
DD461.jpg,B
DD462.jpg,B
DD463.jpg,B
DD464.jpg,B
DD465.jpg,B
DD466.jpg,B
DD467.jpg,B
DD468.jpg,B
DD469.jpg,B
DD47.jpg,B
DD470.jpg,B
DD471.jpg,B
DD472.jpg,B
DD473.jpg,B
DD474.jpg,B
DD475.jpg,B
DD476.jpg,B
DD477.jpg,B
DD478.jpg,B
DD479.jpg,B
DD48.jpg,B
DD480.jpg,B
DD481.jpg,B
DD482.jpg,B
DD483.jpg,B
DD484.jpg,B
DD485.jpg,B
DD486.jpg,B
DD487.jpg,B
DD488.jpg,B
DD489.jpg,B
DD49.jpg,B
DD490.jpg,B
DD491.jpg,B
DD492.jpg,B
DD493.jpg,B
DD494.jpg,B
DD495.jpg,B
DD496.jpg,B
DD497.jpg,B
DD498.jpg,B
DD499.jpg,B
DD5.jpg,B
DD50.jpg,B
DD500.jpg,B
DD501.jpg,B
DD502.jpg,B
DD503.jpg,B
DD504.jpg,B
DD505.jpg,B
DD506.jpg,B
DD507.jpg,B
DD508.jpg,B
DD509.jpg,B
DD51.jpg,B
DD510.jpg,B
DD511.jpg,B
DD512.jpg,B
DD513.jpg,B
DD514.jpg,B
DD515.jpg,B
DD516.jpg,B
DD517.jpg,B
DD518.jpg,B
DD519.jpg,B
DD52.jpg,B
DD520.jpg,B
DD521.jpg,B
DD522.jpg,B
DD523.jpg,B
DD524.jpg,B
DD525.jpg,B
DD526.jpg,B
DD527.jpg,B
DD528.jpg,B
DD529.jpg,B
DD53.jpg,B
DD530.jpg,B
DD531.jpg,B
DD532.jpg,B
DD533.jpg,B
DD534.jpg,B
DD535.jpg,B
DD536.jpg,B
DD537.jpg,B
DD538.jpg,B
DD539.jpg,B
DD54.jpg,B
DD540.jpg,B
DD541.jpg,B
DD542.jpg,B
DD543.jpg,B
DD544.jpg,B
DD545.jpg,B
DD546.jpg,B
DD547.jpg,B
DD548.jpg,B
DD549.jpg,B
DD55.jpg,B
DD550.jpg,B
DD551.jpg,B
DD552.jpg,B
DD553.jpg,B
DD554.jpg,B
DD555.jpg,B
DD556.jpg,B
DD557.jpg,B
DD558.jpg,B
DD559.jpg,B
DD56.jpg,B
DD560.jpg,B
DD561.jpg,B
DD562.jpg,B
DD563.jpg,B
DD564.jpg,B
DD565.jpg,B
DD566.jpg,B
DD567.jpg,B
DD568.jpg,B
DD569.jpg,B
DD57.jpg,B
DD570.jpg,B
DD571.jpg,B
DD572.jpg,B
DD573.jpg,B
DD574.jpg,B
DD575.jpg,B
DD576.jpg,B
DD577.jpg,B
DD578.jpg,B
DD579.jpg,B
DD58.jpg,B
DD580.jpg,B
DD581.jpg,B
DD582.jpg,B
DD583.jpg,B
DD584.jpg,B
DD585.jpg,B
DD586.jpg,B
DD587.jpg,B
DD588.jpg,B
DD589.jpg,B
DD59.jpg,B
DD590.jpg,B
DD591.jpg,B
DD592.jpg,B
DD593.jpg,B
DD594.jpg,B
DD595.jpg,B
DD596.jpg,B
DD597.jpg,B
DD598.jpg,B
DD599.jpg,B
DD6.jpg,B
DD60.jpg,B
DD600.jpg,B
DD601.jpg,B
DD602.jpg,B
DD603.jpg,B
DD61.jpg,B
DD62.jpg,B
DD63.jpg,B
DD64.jpg,B
DD65.jpg,B
DD66.jpg,B
DD67.jpg,B
DD68.jpg,B
DD69.jpg,B
DD7.jpg,B
DD70.jpg,B
DD71.jpg,B
DD72.jpg,B
DD73.jpg,B
DD74.jpg,B
DD75.jpg,B
DD76.jpg,B
DD77.jpg,B
DD78.jpg,B
DD79.jpg,B
DD8.jpg,B
DD80.jpg,B
DD81.jpg,B
DD82.jpg,B
DD83.jpg,B
DD84.jpg,B
DD85.jpg,B
DD86.jpg,B
DD87.jpg,B
DD88.jpg,B
DD89.jpg,B
DD9.jpg,B
DD90.jpg,B
DD91.jpg,B
DD92.jpg,B
DD93.jpg,B
DD94.jpg,B
DD95.jpg,B
DD96.jpg,B
DD97.jpg,B
DD98.jpg,B
DD99.jpg,B
