D1.jpg,D
D10.jpg,C
D100.jpg,D
D101.jpg,D
D102.jpg,D
D103.jpg,D
D104.jpg,D
D105.jpg,D
D106.jpg,D
D107.jpg,D
D108.jpg,D
D109.jpg,B
D11.jpg,B
D110.jpg,B
D111.jpg,B
D112.jpg,B
D113.jpg,B
D114.jpg,B
D115.jpg,B
D116.jpg,B
D117.jpg,B
D118.jpg,B
D119.jpg,B
D12.jpg,B
D120.jpg,B
D121.jpg,B
D122.jpg,B
D123.jpg,B
D124.jpg,B
D125.jpg,B
D126.jpg,B
D127.jpg,B
D128.jpg,B
D129.jpg,B
D13.jpg,B
D130.jpg,B
D131.jpg,B
D132.jpg,B
D133.jpg,B
D134.jpg,B
D135.jpg,B
D136.jpg,B
D137.jpg,B
D138.jpg,B
D139.jpg,B
D14.jpg,B
D140.jpg,B
D141.jpg,B
D142.jpg,B
D143.jpg,B
D144.jpg,B
D145.jpg,B
D146.jpg,B
D147.jpg,B
D148.jpg,B
D149.jpg,B
D15.jpg,B
D150.jpg,B
D151.jpg,B
D152.jpg,B
D153.jpg,B
D154.jpg,B
D155.jpg,B
D156.jpg,B
D157.jpg,B
D158.jpg,B
D159.jpg,B
D16.jpg,B
D160.jpg,B
D161.jpg,B
D162.jpg,B
D163.jpg,B
D164.jpg,B
D165.jpg,B
D166.jpg,B
D167.jpg,B
D168.jpg,B
D169.jpg,B
D17.jpg,B
D170.jpg,B
D171.jpg,B
D172.jpg,B
D173.jpg,B
D174.jpg,B
D175.jpg,B
D176.jpg,B
D177.jpg,B
D178.jpg,B
D179.jpg,B
D18.jpg,B
D180.jpg,B
D181.jpg,B
D182.jpg,B
D183.jpg,B
D184.jpg,B
D185.jpg,B
D186.jpg,B
D187.jpg,B
D188.jpg,B
D189.jpg,B
D19.jpg,B
D190.jpg,B
D191.jpg,B
D192.jpg,B
D193.jpg,B
D194.jpg,B
D195.jpg,B
D196.jpg,B
D197.jpg,B
D198.jpg,B
D199.jpg,B
D2.jpg,B
D20.jpg,B
D200.jpg,B
D201.jpg,B
D202.jpg,B
D203.jpg,B
D204.jpg,B
D205.jpg,B
D206.jpg,B
D207.jpg,B
D208.jpg,B
D209.jpg,B
D21.jpg,B
D210.jpg,B
D211.jpg,B
D212.jpg,B
D213.jpg,B
D214.jpg,B
D215.jpg,B
D216.jpg,B
D217.jpg,B
D218.jpg,B
D219.jpg,B
D22.jpg,B
D220.jpg,B
D221.jpg,B
D222.jpg,B
D223.jpg,B
D224.jpg,B
D225.jpg,B
D226.jpg,B
D227.jpg,B
D228.jpg,B
D229.jpg,B
D23.jpg,B
D230.jpg,B
D231.jpg,B
D232.jpg,B
D233.jpg,B
D234.jpg,B
D235.jpg,B
D236.jpg,B
D237.jpg,B
D238.jpg,B
D239.jpg,B
D24.jpg,B
D240.jpg,B
D241.jpg,B
D242.jpg,B
D243.jpg,B
D244.jpg,B
D245.jpg,B
D246.jpg,B
D247.jpg,B
D248.jpg,B
D249.jpg,B
D25.jpg,B
D250.jpg,B
D251.jpg,B
D252.jpg,B
D253.jpg,B
D254.jpg,B
D255.jpg,B
D256.jpg,B
D257.jpg,B
D258.jpg,B
D259.jpg,B
D26.jpg,B
D260.jpg,B
D261.jpg,B
D262.jpg,B
D263.jpg,B
D264.jpg,B
D265.jpg,B
D266.jpg,B
D267.jpg,B
D268.jpg,B
D269.jpg,B
D27.jpg,B
D270.jpg,B
D271.jpg,B
D272.jpg,B
D273.jpg,B
D274.jpg,B
D275.jpg,B
D276.jpg,B
D277.jpg,B
D278.jpg,B
D279.jpg,B
D28.jpg,B
D280.jpg,B
D281.jpg,B
D282.jpg,B
D283.jpg,B
D284.jpg,B
D285.jpg,B
D286.jpg,B
D287.jpg,B
D288.jpg,B
D289.jpg,B
D29.jpg,B
D290.jpg,B
D291.jpg,B
D292.jpg,B
D293.jpg,B
D294.jpg,B
D295.jpg,B
D296.jpg,B
D297.jpg,B
D298.jpg,B
D299.jpg,B
D3.jpg,B
D30.jpg,B
D300.jpg,B
D301.jpg,B
D302.jpg,B
D303.jpg,B
D304.jpg,B
D305.jpg,B
D306.jpg,B
D307.jpg,B
D308.jpg,B
D309.jpg,B
D31.jpg,B
D310.jpg,B
D311.jpg,B
D312.jpg,B
D313.jpg,B
D314.jpg,B
D315.jpg,B
D316.jpg,B
D317.jpg,B
D318.jpg,B
D319.jpg,B
D32.jpg,B
D320.jpg,B
D321.jpg,B
D322.jpg,B
D323.jpg,B
D324.jpg,B
D325.jpg,B
D326.jpg,B
D327.jpg,B
D328.jpg,B
D329.jpg,B
D33.jpg,B
D330.jpg,B
D331.jpg,B
D332.jpg,B
D333.jpg,B
D334.jpg,B
D335.jpg,B
D336.jpg,B
D337.jpg,B
D338.jpg,B
D339.jpg,B
D34.jpg,B
D340.jpg,B
D341.jpg,B
D342.jpg,B
D343.jpg,B
D344.jpg,B
D345.jpg,B
D346.jpg,B
D347.jpg,B
D348.jpg,B
D349.jpg,B
D35.jpg,B
D350.jpg,B
D351.jpg,B
D352.jpg,B
D353.jpg,B
D354.jpg,B
D355.jpg,B
D356.jpg,B
D357.jpg,B
D358.jpg,B
D359.jpg,B
D36.jpg,B
D360.jpg,B
D361.jpg,B
D362.jpg,B
D363.jpg,B
D364.jpg,B
D365.jpg,B
D366.jpg,B
D367.jpg,B
D368.jpg,B
D369.jpg,B
D37.jpg,B
D370.jpg,B
D371.jpg,B
D372.jpg,B
D373.jpg,B
D374.jpg,B
D375.jpg,B
D376.jpg,B
D377.jpg,B
D378.jpg,B
D379.jpg,B
D38.jpg,B
D380.jpg,B
D381.jpg,B
D382.jpg,B
D383.jpg,B
D384.jpg,B
D385.jpg,B
D386.jpg,B
D387.jpg,B
D388.jpg,B
D389.jpg,B
D39.jpg,B
D390.jpg,B
D391.jpg,B
D392.jpg,B
D393.jpg,B
D394.jpg,B
D395.jpg,B
D396.jpg,B
D397.jpg,B
D398.jpg,B
D399.jpg,B
D4.jpg,B
D40.jpg,B
D400.jpg,B
D401.jpg,B
D402.jpg,B
D403.jpg,B
D404.jpg,B
D405.jpg,B
D406.jpg,B
D407.jpg,B
D408.jpg,B
D409.jpg,B
D41.jpg,B
D410.jpg,B
D411.jpg,B
D412.jpg,B
D413.jpg,B
D414.jpg,B
D415.jpg,B
D416.jpg,B
D417.jpg,B
D418.jpg,B
D419.jpg,B
D42.jpg,B
D420.jpg,B
D421.jpg,B
D422.jpg,B
D423.jpg,B
D424.jpg,B
D425.jpg,B
D426.jpg,B
D427.jpg,B
D428.jpg,B
D429.jpg,B
D43.jpg,B
D430.jpg,B
D431.jpg,B
D432.jpg,B
D433.jpg,B
D434.jpg,B
D435.jpg,B
D436.jpg,B
D437.jpg,B
D438.jpg,B
D439.jpg,B
D44.jpg,B
D440.jpg,B
D441.jpg,B
D442.jpg,B
D443.jpg,B
D444.jpg,B
D445.jpg,B
D446.jpg,B
D447.jpg,B
D448.jpg,B
D449.jpg,B
D45.jpg,B
D450.jpg,B
D451.jpg,B
D452.jpg,B
D453.jpg,B
D454.jpg,B
D455.jpg,B
D456.jpg,B
D457.jpg,B
D459.jpg,B
D46.jpg,B
D460.jpg,B
D461.jpg,B
D462.jpg,B
D463.jpg,B
D464.jpg,B
D465.jpg,B
D466.jpg,B
D467.jpg,B
D468.jpg,B
D469.jpg,B
D47.jpg,B
D470.jpg,B
D471.jpg,B
D472.jpg,B
D473.jpg,B
D474.jpg,B
D475.jpg,B
D476.jpg,B
D477.jpg,B
D478.jpg,B
D479.jpg,B
D48.jpg,B
D480.jpg,B
D481.jpg,B
D482.jpg,B
D483.jpg,B
D484.jpg,B
D485.jpg,B
D486.jpg,B
D487.jpg,B
D488.jpg,B
D489.jpg,B
D49.jpg,B
D490.jpg,B
D491.jpg,B
D492.jpg,B
D493.jpg,B
D494.jpg,B
D495.jpg,B
D496.jpg,B
D497.jpg,B
D499.jpg,B
D5.jpg,B
D50.jpg,B
D500.jpg,B
D51.jpg,B
D52.jpg,B
D53.jpg,B
D54.jpg,B
D55.jpg,B
D56.jpg,B
D57.jpg,B
D58.jpg,B
D59.jpg,B
D6.jpg,B
D60.jpg,B
D61.jpg,B
D62.jpg,B
D63.jpg,B
D64.jpg,B
D65.jpg,B
D66.jpg,B
D67.jpg,B
D68.jpg,B
D69.jpg,B
D7.jpg,B
D70.jpg,B
D71.jpg,B
D72.jpg,B
D73.jpg,B
D74.jpg,B
D75.jpg,B
D76.jpg,B
D77.jpg,B
D78.jpg,B
D79.jpg,B
D8.jpg,B
D80.jpg,B
D81.jpg,B
D82.jpg,B
D83.jpg,B
D84.jpg,B
D85.jpg,B
D86.jpg,B
D87.jpg,B
D88.jpg,B
D89.jpg,B
D9.jpg,B
D90.jpg,B
D91.jpg,B
D92.jpg,B
D93.jpg,B
D94.jpg,B
D95.jpg,B
D96.jpg,B
D97.jpg,B
D98.jpg,B
D99.jpg,B
