C1.jpg,B
C10.jpg,B
C100.jpg,B
C101.jpg,B
C102.jpg,B
C103.jpg,B
C104.jpg,B
C105.jpg,B
C106.jpg,B
C107.jpg,B
C108.jpg,B
C109.jpg,B
C110.jpg,B
C111.jpg,B
C114.jpg,B
C117.jpg,B
C118.jpg,B
C119.jpg,B
C12.jpg,B
C120.jpg,B
C121.jpg,B
C122.jpg,B
C123.jpg,B
C125.jpg,B
C126.jpg,B
C127.jpg,B
C129.jpg,B
C13.jpg,B
C130.jpg,B
C131.jpg,B
C132.jpg,B
C133.jpg,B
C134.jpg,B
C135.jpg,B
C136.jpg,B
C137.jpg,B
C138.jpg,B
C139.jpg,B
C14.jpg,B
C140.jpg,B
C141.jpg,B
C142.jpg,B
C143.jpg,B
C144.jpg,B
C145.jpg,B
C146.jpg,B
C147.jpg,B
C148.jpg,B
C149.jpg,B
C15.jpg,B
C150.jpg,B
C151.jpg,B
C152.jpg,B
C153.jpg,B
C154.jpg,B
C155.jpg,B
C156.jpg,B
C157.jpg,B
C158.jpg,B
C159.jpg,B
C16.jpg,B
C160.jpg,B
C162.jpg,B
C163.jpg,B
C164.jpg,B
C165.jpg,B
C166.jpg,B
C167.jpg,B
C168.jpg,B
C169.jpg,B
C17.jpg,B
C170.jpg,B
C171.jpg,B
C172.jpg,B
C173.jpg,B
C174.jpg,B
C175.jpg,B
C176.jpg,B
C177.jpg,B
C178.jpg,B
C179.jpg,B
C18.jpg,B
C180.jpg,B
C181.jpg,B
C182.jpg,B
C183.jpg,B
C184.jpg,B
C186.jpg,B
C187.jpg,B
C188.jpg,B
C189.jpg,B
C19.jpg,B
C190.jpg,B
C191.jpg,B
C192.jpg,B
C193.jpg,B
C194.jpg,B
C196.jpg,B
C197.jpg,B
C198.jpg,B
C199.jpg,B
C2.jpg,B
C20.jpg,B
C202.jpg,B
C203.jpg,B
C204.jpg,B
C205.jpg,B
C206.jpg,B
C207.jpg,B
C208.jpg,B
C209.jpg,B
C21.jpg,B
C210.jpg,B
C211.jpg,B
C212.jpg,B
C213.jpg,B
C214.jpg,B
C215.jpg,B
C216.jpg,B
C217.jpg,B
C218.jpg,B
C219.jpg,B
C22.jpg,B
C220.jpg,B
C221.jpg,B
C222.jpg,B
C223.jpg,B
C224.jpg,B
C225.jpg,B
C226.jpg,B
C227.jpg,B
C228.jpg,B
C229.jpg,B
C23.jpg,B
C230.jpg,B
C231.jpg,B
C232.jpg,B
C233.jpg,B
C234.jpg,B
C235.jpg,B
C236.jpg,B
C237.jpg,B
C238.jpg,B
C239.jpg,B
C24.jpg,B
C244.jpg,B
C245.jpg,B
C246.jpg,B
C247.jpg,B
C248.jpg,B
C249.jpg,B
C25.jpg,B
C250.jpg,B
C251.jpg,B
C252.jpg,B
C253.jpg,B
C254.jpg,B
C255.jpg,B
C256.jpg,B
C257.jpg,B
C258.jpg,B
C259.jpg,B
C26.jpg,B
C260.jpg,B
C261.jpg,B
C262.jpg,B
C263.jpg,B
C264.jpg,B
C265.jpg,B
C266.jpg,B
C267.jpg,B
C268.jpg,B
C269.jpg,B
C270.jpg,B
C271.jpg,B
C272.jpg,B
C273.jpg,B
C274.jpg,B
C275.jpg,B
C276.jpg,B
C277.jpg,B
C278.jpg,B
C279.jpg,B
C280.jpg,B
C281.jpg,B
C282.jpg,B
C283.jpg,B
C284.jpg,B
C285.jpg,B
C288.jpg,B
C289.jpg,B
C29.jpg,B
C290.jpg,B
C291.jpg,B
C292.jpg,B
C293.jpg,B
C294.jpg,B
C295.jpg,B
C296.jpg,B
C297.jpg,B
C298.jpg,B
C299.jpg,B
C3.jpg,B
C30.jpg,B
C300.jpg,B
C301.jpg,B
C302.jpg,B
C303.jpg,B
C304.jpg,B
C305.jpg,B
C306.jpg,B
C307.jpg,B
C308.jpg,B
C309.jpg,B
C31.jpg,B
C310.jpg,B
C311.jpg,B
C312.jpg,B
C313.jpg,B
C314.jpg,B
C315.jpg,B
C316.jpg,B
C317.jpg,B
C318.jpg,B
C319.jpg,B
C32.jpg,B
C320.jpg,B
C324.jpg,B
C325.jpg,B
C326.jpg,B
C327.jpg,B
C328.jpg,B
C329.jpg,B
C33.jpg,B
C330.jpg,B
C331.jpg,B
C332.jpg,B
C333.jpg,B
C334.jpg,B
C335.jpg,B
C336.jpg,B
C337.jpg,B
C338.jpg,B
C339.jpg,B
C34.jpg,B
C340.jpg,B
C341.jpg,B
C344.jpg,B
C345.jpg,B
C346.jpg,B
C347.jpg,B
C348.jpg,B
C349.jpg,B
C35.jpg,B
C350.jpg,B
C351.jpg,B
C353.jpg,B
C354.jpg,B
C355.jpg,B
C356.jpg,B
C357.jpg,B
C358.jpg,B
C359.jpg,B
C36.jpg,B
C360.jpg,B
C361.jpg,B
C362.jpg,B
C363.jpg,B
C364.jpg,B
C365.jpg,B
C366.jpg,B
C367.jpg,B
C368.jpg,B
C369.jpg,B
C37.jpg,B
C370.jpg,B
C371.jpg,B
C372.jpg,B
C373.jpg,B
C374.jpg,B
C375.jpg,B
C376.jpg,B
C377.jpg,B
C378.jpg,B
C379.jpg,B
C38.jpg,B
C380.jpg,B
C381.jpg,B
C384.jpg,B
C385.jpg,B
C386.jpg,B
C387.jpg,B
C388.jpg,B
C389.jpg,B
C39.jpg,B
C390.jpg,B
C391.jpg,B
C392.jpg,B
C393.jpg,B
C394.jpg,B
C395.jpg,B
C396.jpg,B
C397.jpg,B
C398.jpg,B
C399.jpg,B
C4.jpg,B
C40.jpg,B
C400.jpg,B
C41.jpg,B
C42.jpg,B
C45.jpg,B
C46.jpg,B
C47.jpg,B
C48.jpg,B
C49.jpg,B
C5.jpg,B
C53.jpg,B
C54.jpg,B
C55.jpg,B
C56.jpg,B
C57.jpg,B
C58.jpg,B
C6.jpg,B
C61.jpg,B
C62.jpg,B
C63.jpg,B
C64.jpg,B
C65.jpg,B
C66.jpg,B
C67.jpg,B
C68.jpg,B
C69.jpg,B
C7.jpg,B
C70.jpg,B
C71.jpg,B
C72.jpg,B
C73.jpg,B
C74.jpg,B
C75.jpg,B
C76.jpg,B
C77.jpg,B
C78.jpg,B
C79.jpg,B
C8.jpg,B
C80.jpg,B
C81.jpg,B
C82.jpg,B
C83.jpg,B
C84.jpg,B
C85.jpg,B
C86.jpg,B
C87.jpg,B
C88.jpg,B
C89.jpg,B
C9.jpg,B
C90.jpg,B
C91.jpg,B
C92.jpg,B
C93.jpg,B
C94.jpg,B
C95.jpg,B
C96.jpg,B
C97.jpg,B
C98.jpg,B
C99.jpg,B
